{"cameraMode":{"drawMode":0,"name":"Shaded","section":"Shading Mode"},"sceneLighting":true,"audioPlay":false,"sceneViewState":{"showFog":false,"showMaterialUpdate":false,"showSkybox":false,"showFlares":false,"showImageEffects":false,"showParticleSystems":false},"in2DMode":false,"pivot":{"x":10.866639137268067,"y":-6.066423416137695,"z":-14.946135520935059},"rotation":{"x":0.007770451717078686,"y":0.9850435853004456,"z":-0.16585583984851838,"w":0.04613347351551056},"size":30.353641510009767,"orthographic":false}