{"cameraMode":{"drawMode":0,"name":"Shaded","section":"Shading Mode"},"sceneLighting":false,"audioPlay":false,"sceneViewState":{"showFog":false,"showMaterialUpdate":false,"showSkybox":false,"showFlares":false,"showImageEffects":false,"showParticleSystems":false},"in2DMode":false,"pivot":{"x":-9.161781311035157,"y":2.4966607093811037,"z":20.956995010375978},"rotation":{"x":-0.1834559440612793,"y":0.0003012038650922477,"z":-0.000053998770454199985,"w":-0.983034074306488},"size":19.97944450378418,"orthographic":true}