{"cameraMode":{"drawMode":0,"name":"Shaded","section":"Shading Mode"},"sceneLighting":true,"audioPlay":false,"sceneViewState":{"showFog":false,"showMaterialUpdate":false,"showSkybox":false,"showFlares":false,"showImageEffects":false,"showParticleSystems":false},"in2DMode":false,"pivot":{"x":-11.390000343322754,"y":1.1116667985916138,"z":13.460000038146973},"rotation":{"x":-0.17996151745319367,"y":-0.09515679627656937,"z":0.017493650317192079,"w":-0.9789046049118042},"size":4.821868896484375,"orthographic":false}