{"cameraMode":{"drawMode":0,"name":"Shaded","section":"Shading Mode"},"sceneLighting":true,"audioPlay":false,"sceneViewState":{"showFog":false,"showMaterialUpdate":false,"showSkybox":false,"showFlares":false,"showImageEffects":false,"showParticleSystems":false},"in2DMode":false,"pivot":{"x":4.294379234313965,"y":-5.608782768249512,"z":11.875410079956055},"rotation":{"x":-0.26585355401039126,"y":-0.09036031365394592,"z":0.025038152933120729,"w":-0.9594431519508362},"size":57.13774108886719,"orthographic":false}