{"cameraMode":{"drawMode":0,"name":"Shaded","section":"Shading Mode"},"sceneLighting":false,"audioPlay":false,"sceneViewState":{"showFog":false,"showMaterialUpdate":false,"showSkybox":false,"showFlares":false,"showImageEffects":false,"showParticleSystems":false},"in2DMode":false,"pivot":{"x":-0.9452624917030335,"y":3.2866504192352297,"z":6.383579730987549},"rotation":{"x":-0.2986275553703308,"y":-0.018038557842373849,"z":0.00564610306173563,"w":-0.9541842341423035},"size":6.803123950958252,"orthographic":false}