{"cameraMode":{"drawMode":0,"name":"Shaded","section":"Shading Mode"},"sceneLighting":true,"audioPlay":false,"sceneViewState":{"showFog":false,"showMaterialUpdate":false,"showSkybox":false,"showFlares":false,"showImageEffects":false,"showParticleSystems":false},"in2DMode":false,"pivot":{"x":5.130000114440918,"y":1.0989999771118165,"z":17.229999542236329},"rotation":{"x":-0.08719427138566971,"y":0.8978602886199951,"z":-0.3788788616657257,"w":-0.20663167536258698},"size":4.041658401489258,"orthographic":false}