{"cameraMode":{"drawMode":0,"name":"Shaded","section":"Shading Mode"},"sceneLighting":true,"audioPlay":false,"sceneViewState":{"showFog":false,"showMaterialUpdate":false,"showSkybox":false,"showFlares":false,"showImageEffects":false,"showParticleSystems":false},"in2DMode":false,"pivot":{"x":-7.4728851318359379,"y":3.6351447105407717,"z":10.637850761413575},"rotation":{"x":-0.25681349635124209,"y":-0.45263341069221499,"z":0.13794057071208955,"w":-0.8427001237869263},"size":10.749452590942383,"orthographic":false}