{"cameraMode":{"drawMode":0,"name":"Shaded","section":"Shading Mode"},"sceneLighting":true,"audioPlay":false,"sceneViewState":{"showFog":false,"showMaterialUpdate":false,"showSkybox":false,"showFlares":false,"showImageEffects":false,"showParticleSystems":false},"in2DMode":false,"pivot":{"x":5.130000114440918,"y":1.0939998626708985,"z":17.229999542236329},"rotation":{"x":-0.3182065486907959,"y":0.050305601209402087,"z":-0.016912678256630899,"w":-0.9465392827987671},"size":4.821869850158691,"orthographic":false}