{"cameraMode":{"drawMode":0,"name":"Shaded","section":"Shading Mode"},"sceneLighting":true,"audioPlay":false,"sceneViewState":{"showFog":false,"showMaterialUpdate":false,"showSkybox":false,"showFlares":false,"showImageEffects":false,"showParticleSystems":false},"in2DMode":false,"pivot":{"x":1253.4180908203125,"y":82.09112548828125,"z":-273.0},"rotation":{"x":-0.34021899104118349,"y":-0.11330553144216538,"z":0.04133422300219536,"w":-0.9325836300849915},"size":202.06837463378907,"orthographic":false}