{"cameraMode":{"drawMode":0,"name":"Shaded","section":"Shading Mode"},"sceneLighting":false,"audioPlay":false,"sceneViewState":{"showFog":false,"showMaterialUpdate":false,"showSkybox":false,"showFlares":false,"showImageEffects":false,"showParticleSystems":false},"in2DMode":false,"pivot":{"x":-1.559999942779541,"y":1.1166670322418213,"z":4.900000095367432},"rotation":{"x":-0.2986275553703308,"y":-0.018038557842373849,"z":0.00564610306173563,"w":-0.9541842341423035},"size":6.803123950958252,"orthographic":false}